blank,year,facility_type,result,count
blank,2015,"FOOD MKT RETAIL (2,000+ SF) HIGH RISK",A,173
blank,2015,"FOOD MKT RETAIL (2,000+ SF) HIGH RISK",B,28
blank,2015,"FOOD MKT RETAIL (2,000+ SF) HIGH RISK",C,5
blank,2015,"FOOD MKT RETAIL (2,000+ SF) LOW RISK",A,230
blank,2015,"FOOD MKT RETAIL (2,000+ SF) LOW RISK",B,3
blank,2015,"FOOD MKT RETAIL (2,000+ SF) MODERATE RISK",A,23
blank,2015,"FOOD MKT RETAIL (2,000+ SF) MODERATE RISK",B,1
blank,2015,"FOOD MKT RETAIL (25-1,999 SF) HIGH RISK",A,413
blank,2015,"FOOD MKT RETAIL (25-1,999 SF) HIGH RISK",B,43
blank,2015,"FOOD MKT RETAIL (25-1,999 SF) HIGH RISK",C,6
blank,2015,"FOOD MKT RETAIL (25-1,999 SF) LOW RISK",A,805
blank,2015,"FOOD MKT RETAIL (25-1,999 SF) LOW RISK",B,13
blank,2015,"FOOD MKT RETAIL (25-1,999 SF) MODERATE RISK",A,104
blank,2015,"FOOD MKT RETAIL (25-1,999 SF) MODERATE RISK",B,3
blank,2015,RESTAURANT (0-30) SEATS HIGH RISK,A,1854
blank,2015,RESTAURANT (0-30) SEATS HIGH RISK,B,214
blank,2015,RESTAURANT (0-30) SEATS HIGH RISK,C,22
blank,2015,RESTAURANT (0-30) SEATS LOW RISK,A,261
blank,2015,RESTAURANT (0-30) SEATS LOW RISK,B,5
blank,2015,RESTAURANT (0-30) SEATS MODERATE RISK,A,1463
blank,2015,RESTAURANT (0-30) SEATS MODERATE RISK,B,93
blank,2015,RESTAURANT (0-30) SEATS MODERATE RISK,C,5
blank,2015,RESTAURANT (151 + ) SEATS HIGH RISK,A,386
blank,2015,RESTAURANT (151 + ) SEATS HIGH RISK,B,38
blank,2015,RESTAURANT (151 + ) SEATS HIGH RISK,C,5
blank,2015,RESTAURANT (151 + ) SEATS LOW RISK,A,17
blank,2015,RESTAURANT (151 + ) SEATS MODERATE RISK,A,41
blank,2015,RESTAURANT (151 + ) SEATS MODERATE RISK,B,1
blank,2015,RESTAURANT (31-60) SEATS HIGH RISK,A,1373
blank,2015,RESTAURANT (31-60) SEATS HIGH RISK,B,150
blank,2015,RESTAURANT (31-60) SEATS HIGH RISK,C,10
blank,2015,RESTAURANT (31-60) SEATS LOW RISK,A,80
blank,2015,RESTAURANT (31-60) SEATS LOW RISK,B,1
blank,2015,RESTAURANT (31-60) SEATS MODERATE RISK,A,274
blank,2015,RESTAURANT (31-60) SEATS MODERATE RISK,B,11
blank,2015,RESTAURANT (31-60) SEATS MODERATE RISK,C,1
blank,2015,RESTAURANT (61-150) SEATS HIGH RISK,A,1024
blank,2015,RESTAURANT (61-150) SEATS HIGH RISK,B,100
blank,2015,RESTAURANT (61-150) SEATS HIGH RISK,C,9
blank,2015,RESTAURANT (61-150) SEATS LOW RISK,A,51
blank,2015,RESTAURANT (61-150) SEATS MODERATE RISK,A,156
blank,2015,RESTAURANT (61-150) SEATS MODERATE RISK,B,5
blank,2015,RESTAURANT (61-150) SEATS MODERATE RISK,C,1
blank,2016,CATERER (0-999 SQ. FT.),A,1
blank,2016,CATERER (0-999 SQ. FT.),B,2
blank,2016,FOOD MARKET WHOLESALE,A,2
blank,2016,"FOOD MKT RETAIL (1-1,999 SF) HIGH RISK",A,936
blank,2016,"FOOD MKT RETAIL (1-1,999 SF) HIGH RISK",B,71
blank,2016,"FOOD MKT RETAIL (1-1,999 SF) HIGH RISK",C,2
blank,2016,"FOOD MKT RETAIL (1-1,999 SF) LOW RISK",A,2068
blank,2016,"FOOD MKT RETAIL (1-1,999 SF) LOW RISK",B,46
blank,2016,"FOOD MKT RETAIL (1-1,999 SF) LOW RISK",C,1
blank,2016,"FOOD MKT RETAIL (1-1,999 SF) MODERATE RISK",A,196
blank,2016,"FOOD MKT RETAIL (1-1,999 SF) MODERATE RISK",B,11
blank,2016,"FOOD MKT RETAIL (2,000+ SF) HIGH RISK",A,389
blank,2016,"FOOD MKT RETAIL (2,000+ SF) HIGH RISK",B,57
blank,2016,"FOOD MKT RETAIL (2,000+ SF) HIGH RISK",C,4
blank,2016,"FOOD MKT RETAIL (2,000+ SF) LOW RISK",A,618
blank,2016,"FOOD MKT RETAIL (2,000+ SF) LOW RISK",B,9
blank,2016,"FOOD MKT RETAIL (2,000+ SF) LOW RISK",C,1
blank,2016,"FOOD MKT RETAIL (2,000+ SF) MODERATE RISK",A,74
blank,2016,"FOOD MKT RETAIL (2,000+ SF) MODERATE RISK",B,4
blank,2016,"FOOD MKT RETAIL (25-1,999 SF) HIGH RISK",A,79
blank,2016,"FOOD MKT RETAIL (25-1,999 SF) HIGH RISK",B,3
blank,2016,"FOOD MKT RETAIL (25-1,999 SF) LOW RISK",A,188
blank,2016,"FOOD MKT RETAIL (25-1,999 SF) LOW RISK",B,2
blank,2016,"FOOD MKT RETAIL (25-1,999 SF) MODERATE RISK",A,19
blank,2016,"FOOD MKT RETAIL (25-1,999 SF) MODERATE RISK",B,1
blank,2016,"FOOD PROCESSING WHOLESALE (2,000-5,999 SF)",A,3
blank,2016,"FOOD PROCESSING WHOLESALE (2,000-5,999 SF)",B,1
blank,2016,LIC HTH CARE FOOD FAC (2000-3999 SF)HIGH RISK,A,1
blank,2016,LIC HTH CARE FOOD FAC (4000-9999 SF)HIGH RISK,A,7
blank,2016,RESTAURANT (0-30) SEATS HIGH RISK,A,4925
blank,2016,RESTAURANT (0-30) SEATS HIGH RISK,B,474
blank,2016,RESTAURANT (0-30) SEATS HIGH RISK,C,34
blank,2016,RESTAURANT (0-30) SEATS LOW RISK,A,548
blank,2016,RESTAURANT (0-30) SEATS LOW RISK,B,9
blank,2016,RESTAURANT (0-30) SEATS LOW RISK,C,2
blank,2016,RESTAURANT (0-30) SEATS MODERATE RISK,A,3319
blank,2016,RESTAURANT (0-30) SEATS MODERATE RISK,B,156
blank,2016,RESTAURANT (0-30) SEATS MODERATE RISK,C,11
blank,2016,RESTAURANT (151 + ) SEATS HIGH RISK,A,873
blank,2016,RESTAURANT (151 + ) SEATS HIGH RISK,B,60
blank,2016,RESTAURANT (151 + ) SEATS LOW RISK,A,30
blank,2016,RESTAURANT (151 + ) SEATS LOW RISK,B,1
blank,2016,RESTAURANT (151 + ) SEATS MODERATE RISK,A,93
blank,2016,RESTAURANT (151 + ) SEATS MODERATE RISK,C,1
blank,2016,RESTAURANT (31-60) SEATS HIGH RISK,A,3418
blank,2016,RESTAURANT (31-60) SEATS HIGH RISK,B,311
blank,2016,RESTAURANT (31-60) SEATS HIGH RISK,C,14
blank,2016,RESTAURANT (31-60) SEATS LOW RISK,A,208
blank,2016,RESTAURANT (31-60) SEATS LOW RISK,B,4
blank,2016,RESTAURANT (31-60) SEATS MODERATE RISK,A,647
blank,2016,RESTAURANT (31-60) SEATS MODERATE RISK,B,28
blank,2016,RESTAURANT (31-60) SEATS MODERATE RISK,C,3
blank,2016,RESTAURANT (61-150) SEATS HIGH RISK,A,2431
blank,2016,RESTAURANT (61-150) SEATS HIGH RISK,B,216
blank,2016,RESTAURANT (61-150) SEATS HIGH RISK,C,5
blank,2016,RESTAURANT (61-150) SEATS LOW RISK,A,103
blank,2016,RESTAURANT (61-150) SEATS MODERATE RISK,A,374
blank,2016,RESTAURANT (61-150) SEATS MODERATE RISK,B,9
blank,2016,SENIOR FEEDING SITE,A,2
blank,2016,WHOLESALE FOOD COMPLEX,A,1
blank,2017,CATERER (0-999 SQ. FT.),A,1
blank,2017,"FOOD MKT RETAIL (1-1,999 SF) HIGH RISK",A,903
blank,2017,"FOOD MKT RETAIL (1-1,999 SF) HIGH RISK",B,61
blank,2017,"FOOD MKT RETAIL (1-1,999 SF) HIGH RISK",C,3
blank,2017,"FOOD MKT RETAIL (1-1,999 SF) LOW RISK",A,1800
blank,2017,"FOOD MKT RETAIL (1-1,999 SF) LOW RISK",B,48
blank,2017,"FOOD MKT RETAIL (1-1,999 SF) LOW RISK",C,4
blank,2017,"FOOD MKT RETAIL (1-1,999 SF) MODERATE RISK",A,204
blank,2017,"FOOD MKT RETAIL (1-1,999 SF) MODERATE RISK",B,16
blank,2017,"FOOD MKT RETAIL (2,000+ SF) HIGH RISK",A,356
blank,2017,"FOOD MKT RETAIL (2,000+ SF) HIGH RISK",B,34
blank,2017,"FOOD MKT RETAIL (2,000+ SF) HIGH RISK",C,6
blank,2017,"FOOD MKT RETAIL (2,000+ SF) LOW RISK",A,425
blank,2017,"FOOD MKT RETAIL (2,000+ SF) LOW RISK",B,17
blank,2017,"FOOD MKT RETAIL (2,000+ SF) LOW RISK",C,2
blank,2017,"FOOD MKT RETAIL (2,000+ SF) MODERATE RISK",A,78
blank,2017,"FOOD MKT RETAIL (2,000+ SF) MODERATE RISK",B,2
blank,2017,"FOOD MKT RETAIL (25-1,999 SF) HIGH RISK",A,2
blank,2017,"FOOD MKT RETAIL (25-1,999 SF) MODERATE RISK",A,2
blank,2017,"FOOD PROCESSING WHOLESALE (2,000-5,999 SF)",A,1
blank,2017,"FOOD PROCESSING WHOLESALE (2,000-5,999 SF)",C,1
blank,2017,LIC HTH CARE FOOD FAC (2000-3999 SF)HIGH RISK,A,2
blank,2017,LIC HTH CARE FOOD FAC (4000-9999 SF)HIGH RISK,A,7
blank,2017,PRIVATE SCHOOL CAFETERIA,B,1
blank,2017,RESTAURANT (0-30) SEATS HIGH RISK,A,4663
blank,2017,RESTAURANT (0-30) SEATS HIGH RISK,B,383
blank,2017,RESTAURANT (0-30) SEATS HIGH RISK,C,39
blank,2017,RESTAURANT (0-30) SEATS LOW RISK,A,528
blank,2017,RESTAURANT (0-30) SEATS LOW RISK,B,8
blank,2017,RESTAURANT (0-30) SEATS MODERATE RISK,A,3239
blank,2017,RESTAURANT (0-30) SEATS MODERATE RISK,B,150
blank,2017,RESTAURANT (0-30) SEATS MODERATE RISK,C,14
blank,2017,RESTAURANT (151 + ) SEATS HIGH RISK,A,859
blank,2017,RESTAURANT (151 + ) SEATS HIGH RISK,B,74
blank,2017,RESTAURANT (151 + ) SEATS HIGH RISK,C,7
blank,2017,RESTAURANT (151 + ) SEATS LOW RISK,A,30
blank,2017,RESTAURANT (151 + ) SEATS MODERATE RISK,A,90
blank,2017,RESTAURANT (151 + ) SEATS MODERATE RISK,B,3
blank,2017,RESTAURANT (31-60) SEATS HIGH RISK,A,3112
blank,2017,RESTAURANT (31-60) SEATS HIGH RISK,B,220
blank,2017,RESTAURANT (31-60) SEATS HIGH RISK,C,20
blank,2017,RESTAURANT (31-60) SEATS LOW RISK,A,152
blank,2017,RESTAURANT (31-60) SEATS LOW RISK,B,3
blank,2017,RESTAURANT (31-60) SEATS LOW RISK,C,1
blank,2017,RESTAURANT (31-60) SEATS MODERATE RISK,A,562
blank,2017,RESTAURANT (31-60) SEATS MODERATE RISK,B,17
blank,2017,RESTAURANT (31-60) SEATS MODERATE RISK,C,1
blank,2017,RESTAURANT (61-150) SEATS HIGH RISK,A,2312
blank,2017,RESTAURANT (61-150) SEATS HIGH RISK,B,182
blank,2017,RESTAURANT (61-150) SEATS HIGH RISK,C,28
blank,2017,RESTAURANT (61-150) SEATS LOW RISK,A,86
blank,2017,RESTAURANT (61-150) SEATS LOW RISK,B,1
blank,2017,RESTAURANT (61-150) SEATS MODERATE RISK,A,343
blank,2017,RESTAURANT (61-150) SEATS MODERATE RISK,B,12
blank,2017,RESTAURANT (61-150) SEATS MODERATE RISK,C,1
blank,2018,CATERER (0-999 SQ. FT.),A,1
blank,2018,FOOD MARKET WHOLESALE,A,1
blank,2018,"FOOD MKT RETAIL (1-1,999 SF) HIGH RISK",A,550
blank,2018,"FOOD MKT RETAIL (1-1,999 SF) HIGH RISK",B,42
blank,2018,"FOOD MKT RETAIL (1-1,999 SF) HIGH RISK",C,5
blank,2018,"FOOD MKT RETAIL (1-1,999 SF) LOW RISK",A,1406
blank,2018,"FOOD MKT RETAIL (1-1,999 SF) LOW RISK",B,49
blank,2018,"FOOD MKT RETAIL (1-1,999 SF) LOW RISK",C,2
blank,2018,"FOOD MKT RETAIL (1-1,999 SF) MODERATE RISK",A,136
blank,2018,"FOOD MKT RETAIL (1-1,999 SF) MODERATE RISK",B,9
blank,2018,"FOOD MKT RETAIL (1-1,999 SF) MODERATE RISK",C,1
blank,2018,"FOOD MKT RETAIL (2,000+ SF) HIGH RISK",A,221
blank,2018,"FOOD MKT RETAIL (2,000+ SF) HIGH RISK",B,14
blank,2018,"FOOD MKT RETAIL (2,000+ SF) HIGH RISK",C,2
blank,2018,"FOOD MKT RETAIL (2,000+ SF) LOW RISK",A,370
blank,2018,"FOOD MKT RETAIL (2,000+ SF) LOW RISK",B,11
blank,2018,"FOOD MKT RETAIL (2,000+ SF) MODERATE RISK",A,51
blank,2018,"FOOD MKT RETAIL (2,000+ SF) MODERATE RISK",B,1
blank,2018,"FOOD MKT RETAIL (25-1,999 SF) LOW RISK",A,2
blank,2018,"FOOD WAREHOUSE (1-4,999) SQ. FT.",A,1
blank,2018,LIC HTH CARE FOOD FAC (2000-3999 SF)HIGH RISK,A,1
blank,2018,LIC HTH CARE FOOD FAC (4000-9999 SF)HIGH RISK,A,2
blank,2018,PRIVATE SCHOOL CAFETERIA,A,1
blank,2018,PRIVATE SCHOOL CAFETERIA,B,1
blank,2018,RESTAURANT (0-30) SEATS HIGH RISK,A,3067
blank,2018,RESTAURANT (0-30) SEATS HIGH RISK,B,191
blank,2018,RESTAURANT (0-30) SEATS HIGH RISK,C,18
blank,2018,RESTAURANT (0-30) SEATS LOW RISK,A,381
blank,2018,RESTAURANT (0-30) SEATS LOW RISK,B,9
blank,2018,RESTAURANT (0-30) SEATS MODERATE RISK,A,2067
blank,2018,RESTAURANT (0-30) SEATS MODERATE RISK,B,93
blank,2018,RESTAURANT (0-30) SEATS MODERATE RISK,C,10
blank,2018,RESTAURANT (151 + ) SEATS HIGH RISK,A,505
blank,2018,RESTAURANT (151 + ) SEATS HIGH RISK,B,41
blank,2018,RESTAURANT (151 + ) SEATS HIGH RISK,C,4
blank,2018,RESTAURANT (151 + ) SEATS LOW RISK,A,20
blank,2018,RESTAURANT (151 + ) SEATS MODERATE RISK,A,55
blank,2018,RESTAURANT (151 + ) SEATS MODERATE RISK,B,1
blank,2018,RESTAURANT (31-60) SEATS HIGH RISK,A,1990
blank,2018,RESTAURANT (31-60) SEATS HIGH RISK,B,131
blank,2018,RESTAURANT (31-60) SEATS HIGH RISK,C,11
blank,2018,RESTAURANT (31-60) SEATS LOW RISK,A,115
blank,2018,RESTAURANT (31-60) SEATS LOW RISK,B,4
blank,2018,RESTAURANT (31-60) SEATS MODERATE RISK,A,375
blank,2018,RESTAURANT (31-60) SEATS MODERATE RISK,B,7
blank,2018,RESTAURANT (31-60) SEATS MODERATE RISK,C,1
blank,2018,RESTAURANT (61-150) SEATS HIGH RISK,A,1508
blank,2018,RESTAURANT (61-150) SEATS HIGH RISK,B,80
blank,2018,RESTAURANT (61-150) SEATS HIGH RISK,C,9
blank,2018,RESTAURANT (61-150) SEATS LOW RISK,A,57
blank,2018,RESTAURANT (61-150) SEATS MODERATE RISK,A,213
blank,2018,RESTAURANT (61-150) SEATS MODERATE RISK,B,3